{
  "nodes": {
    "splash": {
      "left": 0,
      "top": 0,
      "width": 32.416666666666664
    },
    "camas": {
      "left": 33.75,
      "top": 0,
      "width": 32.416666666666664
    },
    "asistente": {
      "left": 67.58333333333333,
      "top": 0,
      "width": 32.416666666666664
    },
    "resumen-turno": {
      "left": 0,
      "top": 640,
      "width": 32.416666666666664
    },
    "ajustes": {
      "left": 33.75,
      "top": 640,
      "width": 32.416666666666664
    },
    "nota-voz": {
      "left": 67.58333333333333,
      "top": 640,
      "width": 32.416666666666664
    },
    "trayectoria": {
      "left": 0,
      "top": 1280,
      "width": 32.416666666666664
    },
    "cama-22b": {
      "left": 33.75,
      "top": 1280,
      "width": 32.416666666666664
    },
    "notas-pendientes": {
      "left": 67.58333333333333,
      "top": 1280,
      "width": 32.416666666666664
    },
    "estadisticas": {
      "left": 67.58333333333333,
      "top": 1939,
      "width": 32.416666666666664
    },
    "evolucion-soapie": {
      "left": 0,
      "top": 2270,
      "width": 32.416666666666664
    },
    "evolucion-sistemas": {
      "left": 33.75,
      "top": 2270,
      "width": 32.416666666666664
    },
    "evolucion-guardar": {
      "left": 34.416666666666664,
      "top": 2910,
      "width": 31.25
    }
  },
  "arrows": [
    {
      "x1f": 0.5840340222167969,
      "y1f": 0.054773061497326206,
      "cxf": 0.6440757189941406,
      "cyf": 0.04959128045157457,
      "x2f": 0.7486186938476562,
      "y2f": 0.07395718675727866
    },
    {
      "x1f": 0.575426220703125,
      "y1f": 0.17205696672608436,
      "cxf": 0.6247812500000001,
      "cyf": 0.18437361853832443,
      "x2f": 0.81666259765625,
      "y2f": 0.20125519904931669
    },
    {
      "x1f": 0.19774860595703125,
      "y1f": 0.35310204991087346,
      "cxf": 0.12730454833984375,
      "cyf": 0.36009306298276883,
      "x2f": 0.2803276684570312,
      "y2f": 0.37696977124183007
    },
    {
      "x1f": 0.7878572436523438,
      "y1f": 0.2812106924019608,
      "cxf": 0.662375,
      "cyf": 0.32716633986928106,
      "x2f": 0.6669781762695313,
      "y2f": 0.3863097927807487
    }
  ]
}