{
  "nodes": {
    "splash": {
      "left": -0.17286084701815038,
      "top": 16,
      "width": 32.4114088159032
    },
    "camas": {
      "left": 33.96715643906656,
      "top": 16,
      "width": 32.4114088159032
    },
    "asistente": {
      "left": 69.40363007778738,
      "top": 16,
      "width": 32.4114088159032
    },
    "resumen-turno": {
      "left": -0.08643042350907519,
      "top": 655,
      "width": 32.4114088159032
    },
    "ajustes": {
      "left": 33.88072601555748,
      "top": 656,
      "width": 32.4114088159032
    },
    "nota-voz": {
      "left": 69.57649092480554,
      "top": 654,
      "width": 32.4114088159032
    },
    "trayectoria": {
      "left": 0,
      "top": 1296,
      "width": 32.4114088159032
    },
    "cama-22b": {
      "left": 33.96715643906656,
      "top": 1324,
      "width": 32.4114088159032
    },
    "notas-pendientes": {
      "left": 69.57649092480554,
      "top": 1433,
      "width": 32.4114088159032
    },
    "estadisticas": {
      "left": 69.83578219533275,
      "top": 1964,
      "width": 32.4114088159032
    },
    "evolucion-soapie": {
      "left": -0.25929127052722556,
      "top": 1937,
      "width": 32.4114088159032
    },
    "evolucion-sistemas": {
      "left": 33.62143474503025,
      "top": 1936,
      "width": 32.4114088159032
    },
    "evolucion-guardar": {
      "left": 16.681071737251514,
      "top": 2606,
      "width": 31.287813310285223
    }
  },
  "arrows": [
    {
      "x1f": 0.5864739928849304,
      "y1f": 0.05654755017343904,
      "cxf": 0.6470980024058149,
      "cyf": 0.051003813594317805,
      "x2f": 0.7687208704443079,
      "y2f": 0.07706877167988106
    },
    {
      "x1f": 0.5777827088452089,
      "y1f": 0.18202392013544766,
      "cxf": 0.6261234234234234,
      "cyf": 0.17834000660720184,
      "x2f": 0.8390471437346437,
      "y2f": 0.22019119590353484
    },
    {
      "x1f": 0.19351521038083536,
      "y1f": 0.38342717831185996,
      "cxf": 0.12238795300982802,
      "cyf": 0.3909065246118269,
      "x2f": 0.27982215141277644,
      "y2f": 0.43811938594317806
    },
    {
      "x1f": 0.8099635890151515,
      "y1f": 0.3061798222249752,
      "cxf": 0.6641215397215398,
      "cyf": 0.3217407664354146,
      "x2f": 0.687917077446765,
      "y2f": 0.41861431698050877
    }
  ]
}
